location_name,year,rate,ridit
Massachusetts,1990,24318.54562,0.012155144
Connecticut,1990,24232.80294,0.03094024
New Jersey,1990,21495.37965,0.053183856
New Hampshire,1990,19327.81875,0.071020151
Minnesota,1990,24447.40365,0.082013264
Vermont,1990,20402.68153,0.091914935
New York,1990,24152.97456,0.129341895
Rhode Island,1990,21425.43495,0.16766922
Maryland,1990,22788.00903,0.179284991
Wisconsin,1990,21068.2531,0.198709598
Virginia,1990,21472.91648,0.220996508
Colorado,1990,20685.92959,0.240054273
Delaware,1990,21114.33737,0.248003963
Pennsylvania,1990,21215.669,0.273397176
Washington,1990,22524.83028,0.307216365
District of Columbia,1990,22280.63247,0.318231976
Nebraska,1990,24872.34365,0.322653875
Iowa,1990,23795.71455,0.331442063
North Dakota,1990,23655.69714,0.338341464
Illinois,1990,24159.88982,0.362611217
Maine,1990,22097.53589,0.388076252
Michigan,1990,26132.23842,0.409222525
Oregon,1990,24973.669,0.433627543
Kansas,1990,20179.24135,0.444335246
Hawaii,1990,24526.07029,0.451530174
Ohio,1990,21486.90206,0.475593835
Montana,1990,21711.23766,0.499040184
Florida,1990,24524.62279,0.526907933
Indiana,1990,22289.87867,0.564348668
Wyoming,1990,24191.87926,0.576436934
Missouri,1990,24206.03348,0.58766008
California,1990,23672.64612,0.657242531
South Dakota,1990,22287.43393,0.717904295
Utah,1990,21193.56592,0.722671688
Nevada,1990,22608.57156,0.72844636
North Carolina,1990,22497.17249,0.744238418
Alaska,1990,23077.10919,0.758702254
Idaho,1990,22759.88433,0.761787375
Georgia,1990,22103.40318,0.776791101
Arizona,1990,29737.94624,0.797106947
Oklahoma,1990,23520.44086,0.810777733
South Carolina,1990,21374.53381,0.824133996
West Virginia,1990,25776.66663,0.834812798
Tennessee,1990,21179.71799,0.848361638
Texas,1990,23836.93755,0.892105036
Alabama,1990,22813.17181,0.934132208
Kentucky,1990,23512.84773,0.949764247
Louisiana,1990,22656.7488,0.965680335
New Mexico,1990,23036.94852,0.977144158
Arkansas,1990,23147.26195,0.984912449
Mississippi,1990,22401.63364,0.994832699
Massachusetts,1991,21682.97471,0.012088281
Connecticut,1991,24156.52672,0.030760938
New Hampshire,1991,23060.63417,0.039575836
New Jersey,1991,21889.69721,0.057360408
Minnesota,1991,21895.47885,0.081684063
Vermont,1991,23150.08795,0.091582745
Rhode Island,1991,22893.73292,0.094731451
New York,1991,21350.87544,0.132812886
Maryland,1991,22004.95682,0.178468051
Wisconsin,1991,19748.72401,0.197869058
Virginia,1991,22476.18067,0.22015891
Delaware,1991,21981.75808,0.233984656
Pennsylvania,1991,26232.9039,0.259163605
Colorado,1991,20965.19753,0.289679889
Washington,1991,22602.21484,0.306198127
District of Columbia,1991,21078.10986,0.317263644
Nebraska,1991,21658.52722,0.321644394
Iowa,1991,23369.16346,0.330355583
North Dakota,1991,21172.71828,0.337181041
Maine,1991,22154.40938,0.340913177
Illinois,1991,20358.93963,0.366221956
Michigan,1991,27588.65846,0.407612633
Oregon,1991,23003.00349,0.431908339
Kansas,1991,19107.02831,0.442610461
Hawaii,1991,23092.84761,0.449784551
Ohio,1991,21449.0649,0.47367342
Montana,1991,23466.32567,0.496943459
Florida,1991,22898.52087,0.525140628
Wyoming,1991,24099.08608,0.552635528
Indiana,1991,22484.47969,0.564650139
Missouri,1991,23101.27418,0.586039618
South Dakota,1991,22402.43935,0.597699753
California,1991,25233.1361,0.658714097
Utah,1991,20922.32615,0.721752574
North Carolina,1991,24282.76412,0.738619234
Nevada,1991,21380.27362,0.754564335
Idaho,1991,24143.47546,0.759075569
Alaska,1991,19756.49883,0.762181726
Georgia,1991,21953.4313,0.776388839
Arizona,1991,32642.14012,0.796992412
South Carolina,1991,21364.3406,0.811487165
Oklahoma,1991,20743.88146,0.824816154
Tennessee,1991,21592.61451,0.841006874
West Virginia,1991,23252.37304,0.854491438
Alabama,1991,22976.82812,0.866223726
Kentucky,1991,22378.16741,0.881765835
Texas,1991,22499.71326,0.923299073
Louisiana,1991,24683.87938,0.965796133
New Mexico,1991,21792.57292,0.977210295
Arkansas,1991,24283.97358,0.984979192
Mississippi,1991,24519.92562,0.994857735
Massachusetts,1992,20917.30047,0.012013476
Connecticut,1992,18563.37765,0.030558976
New Hampshire,1992,23857.94997,0.039326239
New Jersey,1992,19695.91703,0.057056577
Minnesota,1992,23740.79222,0.081320955
Vermont,1992,20720.06921,0.091216609
Maryland,1992,22280.73269,0.101936231
Rhode Island,1992,20602.9848,0.113535469
New York,1992,20896.54774,0.151367636
Wisconsin,1992,20281.0467,0.196972214
Virginia,1992,20669.41814,0.219259783
Pennsylvania,1992,21792.45669,0.255385592
Delaware,1992,21836.52942,0.280350773
Colorado,1992,21783.43607,0.288464331
Washington,1992,24446.48564,0.305140183
District of Columbia,1992,23124.61852,0.316255765
Nebraska,1992,23158.83085,0.320596696
Iowa,1992,23643.94792,0.329237612
Maine,1992,21673.83917,0.337192838
North Dakota,1992,22697.58807,0.340895113
Michigan,1992,28188.48219,0.360582976
Illinois,1992,19655.40777,0.401735113
Oregon,1992,24296.22709,0.430222324
Kansas,1992,20694.70411,0.440927884
Hawaii,1992,21068.64539,0.44807859
Ohio,1992,24125.43255,0.471792296
Montana,1992,21820.45582,0.494889171
Wyoming,1992,23775.13767,0.497380433
Florida,1992,23654.10232,0.525182314
South Dakota,1992,23277.96509,0.553471724
Missouri,1992,21818.00935,0.565086675
Indiana,1992,20631.0318,0.586380378
Utah,1992,24767.03086,0.6008883
California,1992,21859.41103,0.664217847
North Carolina,1992,22771.45461,0.737627108
Idaho,1992,22232.09541,0.753195076
Nevada,1992,19594.31157,0.757818551
Georgia,1992,22078.43455,0.773667713
Alaska,1992,22797.52383,0.78802385
South Carolina,1992,20804.5693,0.796136978
Arizona,1992,29770.49093,0.810801952
Oklahoma,1992,20685.96699,0.824730871
Tennessee,1992,23548.70715,0.84090067
West Virginia,1992,26559.60919,0.854338472
Alabama,1992,23163.0135,0.865980933
Kentucky,1992,22215.31488,0.881445732
Texas,1992,22315.85853,0.923190695
Louisiana,1992,22723.87536,0.96587986
New Mexico,1992,21642.4733,0.977251555
Arkansas,1992,21678.55969,0.985030089
Mississippi,1992,24485.21208,0.99487825
Massachusetts,1993,22397.08903,0.011933927
Connecticut,1993,21273.67379,0.030342795
New Jersey,1993,21082.32947,0.052252303
New Hampshire,1993,22712.34235,0.069924553
Minnesota,1993,22354.98845,0.080932473
Vermont,1993,20851.95432,0.090826012
Maryland,1993,21523.03583,0.101534328
New York,1993,19173.80037,0.146703002
Rhode Island,1993,22005.53949,0.184277775
Wisconsin,1993,21668.18939,0.196019573
Virginia,1993,26483.54174,0.218299222
Pennsylvania,1993,20813.44491,0.254227346
Delaware,1993,21882.50004,0.278980213
Colorado,1993,20610.0335,0.287194389
District of Columbia,1993,21054.98778,0.295235251
Washington,1993,22875.38167,0.306400672
Nebraska,1993,20744.6405,0.319507075
Maine,1993,21735.73479,0.325062394
Iowa,1993,19893.84519,0.332954044
Michigan,1993,27910.73439,0.356748163
North Dakota,1993,22388.3315,0.376321622
Illinois,1993,18561.24009,0.40016266
Oregon,1993,22889.112,0.428567546
Kansas,1993,20758.27093,0.439283182
Hawaii,1993,22838.37072,0.446408567
Ohio,1993,22453.80596,0.46995008
Montana,1993,23744.61177,0.492880037
Wyoming,1993,21997.45999,0.495365206
Florida,1993,22592.31011,0.523451357
South Dakota,1993,21953.56794,0.552024918
Missouri,1993,24820.15049,0.563596799
Indiana,1993,20321.73119,0.584804503
Utah,1993,23920.14182,0.599307656
North Carolina,1993,23124.29561,0.616411903
California,1993,23452.22477,0.690061037
Idaho,1993,19518.1836,0.752158885
Alaska,1993,21314.15262,0.755316178
Georgia,1993,24579.4909,0.769825059
South Carolina,1993,20831.36694,0.790265263
Nevada,1993,18626.35946,0.799983398
Tennessee,1993,21166.08672,0.812573763
Oklahoma,1993,18790.97015,0.828733527
Arizona,1993,30757.17799,0.842805471
West Virginia,1993,26629.4336,0.854122325
Alabama,1993,22306.01255,0.865684305
Kentucky,1993,24255.0739,0.881082614
Texas,1993,21083.25477,0.923049074
Louisiana,1993,23895.22707,0.965938096
New Mexico,1993,23804.31085,0.977272507
Arkansas,1993,20954.85872,0.985067009
Mississippi,1993,18928.35296,0.994894478
Massachusetts,1994,23230.8463,0.011851526
Connecticut,1994,19171.13655,0.030117286
New Jersey,1994,22950.16539,0.05190194
New Hampshire,1994,20351.38275,0.069510477
Minnesota,1994,21902.47663,0.08051964
Vermont,1994,20053.54375,0.090410748
Maryland,1994,20486.63902,0.101100604
Rhode Island,1994,19802.34403,0.112646165
New York,1994,20158.12889,0.149952991
Wisconsin,1994,21619.97634,0.195008452
Virginia,1994,21544.25447,0.217277497
Pennsylvania,1994,22120.57677,0.253009154
District of Columbia,1994,23864.37616,0.277352411
Delaware,1994,22539.52977,0.279867752
Colorado,1994,22576.10469,0.28819047
Washington,1994,23212.10201,0.305214262
Maine,1994,21285.41973,0.317690068
Nebraska,1994,22343.1597,0.323213507
Iowa,1994,23895.62346,0.331737497
Michigan,1994,23806.79435,0.355396764
North Dakota,1994,23698.64577,0.374862728
Illinois,1994,20161.24036,0.398588545
Oregon,1994,20903.60861,0.426928229
Hawaii,1994,23518.72892,0.43496886
Montana,1994,21386.57494,0.438772563
Kansas,1994,23313.332,0.445267395
Ohio,1994,23197.03318,0.471331152
Wyoming,1994,22841.7969,0.493381935
Florida,1994,21357.5909,0.521728499
South Dakota,1994,20234.50195,0.550561436
Missouri,1994,24171.77284,0.562092301
Indiana,1994,21465.86561,0.583222223
Utah,1994,22492.03502,0.597731034
California,1994,21602.01438,0.661391362
Alaska,1994,20953.0309,0.722612376
North Carolina,1994,21648.58108,0.737413241
Idaho,1994,22550.1952,0.753196387
Georgia,1994,20298.68415,0.76884327
South Carolina,1994,21334.48234,0.789446722
Nevada,1994,18929.99621,0.799285161
Tennessee,1994,23142.3558,0.812009592
Oklahoma,1994,21674.11686,0.828170356
West Virginia,1994,27680.45834,0.837862302
Arizona,1994,30544.90477,0.849309074
Alabama,1994,22162.32679,0.865330428
Kentucky,1994,22341.57277,0.880672353
Louisiana,1994,21254.47084,0.896190968
Texas,1994,21069.7068,0.939291558
New Mexico,1994,23822.95737,0.977276388
Arkansas,1994,22489.50434,0.985091835
Mississippi,1994,21690.0245,0.994906858
Massachusetts,1995,20789.77071,0.01176748
Connecticut,1995,22037.15843,0.029887005
New Jersey,1995,21626.70061,0.05154111
New Hampshire,1995,20562.18858,0.069079472
Maryland,1995,21154.57206,0.080864534
Minnesota,1995,18875.46288,0.099183385
Vermont,1995,21550.87824,0.109069985
New York,1995,21152.88747,0.145264216
Rhode Island,1995,26124.26934,0.182302505
District of Columbia,1995,20052.80934,0.185396385
Pennsylvania,1995,22832.52181,0.209510419
Wisconsin,1995,20332.47471,0.242190658
Virginia,1995,20725.06426,0.264446441
Colorado,1995,22385.45384,0.284075373
Delaware,1995,20013.13389,0.292512625
Washington,1995,21310.74287,0.304012688
Maine,1995,19630.45216,0.316544202
Nebraska,1995,23440.87798,0.322035678
Iowa,1995,21962.81177,0.330509524
Michigan,1995,23018.16928,0.354044775
North Dakota,1995,22331.35369,0.373410853
Illinois,1995,20274.97649,0.397031179
Hawaii,1995,22479.71086,0.421638895
Oregon,1995,22228.70678,0.429712627
Montana,1995,23369.44308,0.437191368
Kansas,1995,21563.08717,0.443667587
Wyoming,1995,22250.02235,0.449421533
Ohio,1995,21485.33853,0.47130644
South Dakota,1995,24494.80206,0.493675607
Florida,1995,19946.17776,0.522743676
Missouri,1995,23354.94518,0.560575387
Indiana,1995,22688.24715,0.581633269
Alaska,1995,23070.91251,0.593668056
California,1995,18965.61231,0.654914802
Utah,1995,21228.91153,0.718647728
North Carolina,1995,24259.73793,0.736031116
Idaho,1995,20517.28382,0.751937161
Georgia,1995,19764.8615,0.767766807
South Carolina,1995,20665.72214,0.788538285
Nevada,1995,17375.77295,0.798504344
Tennessee,1995,22074.19011,0.811372743
West Virginia,1995,26782.77872,0.824747779
Oklahoma,1995,21724.86757,0.834377793
Alabama,1995,23877.6792,0.848599974
Arizona,1995,30218.60138,0.864777365
Kentucky,1995,23571.7999,0.880229074
Louisiana,1995,23472.34458,0.895672341
Texas,1995,20414.73263,0.938992834
New Mexico,1995,18351.74687,0.977269143
Arkansas,1995,23367.77795,0.985108792
Mississippi,1995,19612.57562,0.994916851
Massachusetts,1996,22725.56522,0.011683339
Connecticut,1996,19718.69149,0.029656841
New Jersey,1996,21207.50985,0.051178982
New Hampshire,1996,19785.20085,0.068643862
Maryland,1996,20139.01835,0.080399963
Minnesota,1996,19420.34272,0.098690187
Vermont,1996,19831.60963,0.10857001
New York,1996,21099.78966,0.144507652
District of Columbia,1996,21084.21062,0.180444125
Rhode Island,1996,21054.23359,0.18350107
Wisconsin,1996,23641.1612,0.195120692
Pennsylvania,1996,23948.66489,0.227575772
Virginia,1996,22214.23355,0.262922051
Colorado,1996,22733.31555,0.282673045
Washington,1996,20835.15595,0.300067432
Delaware,1996,21644.0687,0.311646759
Maine,1996,23669.39855,0.315393167
Nebraska,1996,19038.4342,0.32085255
Michigan,1996,28248.32913,0.342006769
Iowa,1996,19901.15108,0.365422168
North Dakota,1996,20342.91478,0.371962932
Hawaii,1996,23177.44861,0.375348421
Illinois,1996,20806.63983,0.399864387
Oregon,1996,23181.82971,0.428111171
Montana,1996,22922.73793,0.435635247
Kansas,1996,22419.17644,0.442092351
Wyoming,1996,21027.85279,0.447823637
Ohio,1996,19750.3647,0.469546744
South Dakota,1996,23875.43987,0.491750808
Florida,1996,21117.32446,0.52103455
Missouri,1996,21915.73802,0.559053579
California,1996,21243.8403,0.629269054
Alaska,1996,20577.0121,0.690494791
Indiana,1996,21217.67934,0.702498092
Utah,1996,22326.98874,0.717038361
Idaho,1996,20002.14894,0.722824481
North Carolina,1996,21049.82865,0.738860305
Georgia,1996,19810.68666,0.76662066
South Carolina,1996,22660.38225,0.787559467
Nevada,1996,20558.85779,0.797657113
Tennessee,1996,22303.68691,0.810676003
West Virginia,1996,26821.26873,0.824048442
Arizona,1996,31678.84745,0.835776513
Alabama,1996,21942.42244,0.852112581
Oklahoma,1996,20725.36778,0.866295452
Kentucky,1996,21014.21732,0.879752604
New Mexico,1996,23460.12162,0.890152586
Louisiana,1996,22180.19386,0.901399314
Texas,1996,20955.13644,0.944948999
Arkansas,1996,20926.17007,0.985118833
Mississippi,1996,22432.30722,0.994924719
Massachusetts,1997,21368.93487,0.011598574
Connecticut,1997,19906.32392,0.029426868
New Jersey,1997,20456.27121,0.050821189
New Hampshire,1997,18462.54936,0.068213727
District of Columbia,1997,21039.48459,0.071533912
Maryland,1997,20831.78785,0.082122561
Minnesota,1997,25616.9466,0.100381997
Vermont,1997,19718.12105,0.110253625
New York,1997,21147.47382,0.145939813
Rhode Island,1997,19911.45423,0.182446681
Pennsylvania,1997,22363.04531,0.206961278
Wisconsin,1997,22030.65054,0.239195314
Virginia,1997,19733.48305,0.261416609
Washington,1997,20814.30695,0.284269482
Colorado,1997,19004.03311,0.301849077
Delaware,1997,22740.34083,0.310524643
Maine,1997,21675.26722,0.31425643
Nebraska,1997,17937.54168,0.319683298
North Dakota,1997,21871.39245,0.323938088
Hawaii,1997,19968.79027,0.327304012
Michigan,1997,27252.68193,0.3474659
Iowa,1997,21578.16372,0.370757832
Illinois,1997,22760.40519,0.398317465
Oregon,1997,21360.21578,0.426528914
Montana,1997,21833.85198,0.434099782
Kansas,1997,21088.9499,0.44053766
Wyoming,1997,24028.81131,0.44624696
South Dakota,1997,19585.18463,0.448479615
Ohio,1997,22855.45857,0.470519548
Florida,1997,22271.62164,0.519341504
California,1997,22641.62735,0.607551615
Missouri,1997,18572.05539,0.677686547
Alaska,1997,20455.60151,0.688852546
Indiana,1997,23735.80787,0.700826148
Utah,1997,20256.81092,0.715389043
Idaho,1997,19348.44985,0.72126043
North Carolina,1997,20343.06297,0.737430446
Nevada,1997,17515.05934,0.754570498
Georgia,1997,21487.84409,0.771736774
South Carolina,1997,21046.9194,0.792840599
Tennessee,1997,21408.3148,0.809951576
West Virginia,1997,29041.84047,0.823324663
Arizona,1997,31240.69734,0.83519892
Alabama,1997,23055.58416,0.851695437
Kentucky,1997,23045.54788,0.866910671
Oklahoma,1997,20144.86907,0.88033231
New Mexico,1997,17896.18365,0.889665969
Louisiana,1997,22943.29991,0.900885427
Texas,1997,18855.05486,0.944670325
Arkansas,1997,22825.41966,0.985129519
Mississippi,1997,20007.05997,0.994932803
Massachusetts,1998,20920.57591,0.011514079
Connecticut,1998,19131.22411,0.0292017
New Jersey,1998,19413.65382,0.050476169
New Hampshire,1998,18985.8631,0.067799183
District of Columbia,1998,19231.92109,0.071095938
Vermont,1998,20752.3993,0.073274486
Minnesota,1998,20581.97109,0.083136837
Maryland,1998,20582.32577,0.101365624
New York,1998,22968.02766,0.145173134
Rhode Island,1998,22019.87428,0.181422887
Wisconsin,1998,21777.79822,0.192958628
Pennsylvania,1998,24811.7027,0.224981964
Virginia,1998,20213.69068,0.259963026
Washington,1998,21283.6215,0.282893456
North Dakota,1998,23016.40359,0.294414284
Colorado,1998,18364.90149,0.302996578
Delaware,1998,22792.91935,0.311789668
Maine,1998,19557.97502,0.315506939
Nebraska,1998,19899.71603,0.320901885
Michigan,1998,28122.75396,0.341842206
Iowa,1998,20456.88261,0.365004547
Illinois,1998,22459.72516,0.392455793
Hawaii,1998,22349.77962,0.416801799
Oregon,1998,22149.51666,0.424986203
Montana,1998,20545.48806,0.432603244
Kansas,1998,19343.74876,0.439022003
California,1998,23260.02627,0.503832965
South Dakota,1998,20710.11631,0.565184873
Wyoming,1998,21437.42434,0.567413959
Ohio,1998,20736.91183,0.588819872
Florida,1998,20171.54879,0.63768586
Missouri,1998,20742.42867,0.676053224
Alaska,1998,21417.84171,0.687185425
Indiana,1998,19428.66034,0.699129136
Utah,1998,20738.00481,0.71371528
Nevada,1998,19197.75196,0.720728752
North Carolina,1998,22304.9503,0.738092161
Idaho,1998,20750.20618,0.754399442
Georgia,1998,21713.47363,0.770777275
South Carolina,1998,20874.51744,0.792045876
Tennessee,1998,21189.32146,0.809208205
West Virginia,1998,27295.87714,0.822583326
Arizona,1998,31904.09539,0.834603224
Alabama,1998,20414.46676,0.85125968
Kentucky,1998,22983.43426,0.866440468
Oklahoma,1998,21698.10974,0.879828637
New Mexico,1998,20616.95552,0.88916625
Louisiana,1998,20381.39931,0.900357512
Texas,1998,21675.04129,0.944386178
Arkansas,1998,21490.67181,0.985143354
Mississippi,1998,20113.01693,0.994942218
Massachusetts,1999,20210.85643,0.011431326
Connecticut,1999,17905.43575,0.028985248
District of Columbia,1999,20572.81246,0.036166854
New Hampshire,1999,20395.81294,0.039442
New Jersey,1999,25038.71726,0.056695888
Vermont,1999,19344.82126,0.072832602
New York,1999,20681.71494,0.108026308
Maryland,1999,19454.91448,0.151566377
Minnesota,1999,19699.16352,0.169762977
Rhode Island,1999,21709.1537,0.180410198
Pennsylvania,1999,22240.43763,0.20452933
Washington,1999,20279.37927,0.23716717
Wisconsin,1999,18594.32773,0.257177803
Virginia,1999,22300.30677,0.279366321
North Dakota,1999,21052.83889,0.293119007
Delaware,1999,17437.37665,0.295667195
Colorado,1999,21389.69407,0.304572615
Maine,1999,19651.72723,0.314405633
Nebraska,1999,21660.73853,0.319769899
Illinois,1999,21166.83248,0.344905499
Michigan,1999,27995.89471,0.384764113
Iowa,1999,20732.28762,0.407787771
Hawaii,1999,21335.63515,0.415212178
Oregon,1999,20829.85051,0.423434173
California,1999,23485.98561,0.489412682
Montana,1999,19081.49234,0.550953352
Kansas,1999,22507.83815,0.557352808
South Dakota,1999,21894.42291,0.563486936
Ohio,1999,22203.67397,0.585202656
Wyoming,1999,18119.24609,0.606451909
Florida,1999,20138.74458,0.635869649
Missouri,1999,23303.8402,0.674403776
Alaska,1999,19335.70947,0.685502689
Utah,1999,19192.33632,0.690403641
Indiana,1999,19729.1623,0.705013249
Nevada,1999,17602.51148,0.719210626
North Carolina,1999,21231.71371,0.736797904
Idaho,1999,20398.0065,0.753244006
Georgia,1999,20923.53304,0.769799298
South Carolina,1999,22944.56549,0.791229957
Tennessee,1999,19959.29548,0.808444563
West Virginia,1999,28674.82411,0.821824098
Arizona,1999,34748.83808,0.833987373
Alabama,1999,19685.1361,0.850800154
Kentucky,1999,17426.81591,0.865949005
Oklahoma,1999,22601.55157,0.879306639
Louisiana,1999,18459.49979,0.893412521
Texas,1999,22256.01035,0.937696323
New Mexico,1999,19396.90583,0.977216137
Arkansas,1999,21085.91089,0.985160956
Mississippi,1999,19307.13766,0.994953731
Massachusetts,2000,19279.00726,0.011351989
Connecticut,2000,18598.25606,0.028780695
District of Columbia,2000,18935.72292,0.03590246
New Hampshire,2000,20432.3671,0.039157981
New Jersey,2000,20235.86391,0.056341775
Vermont,2000,20331.8838,0.07240884
New York,2000,22665.70158,0.107357414
Maryland,2000,21653.68583,0.150635586
Minnesota,2000,21269.6606,0.168799888
Rhode Island,2000,22155.04258,0.179420085
Washington,2000,19895.46652,0.191775172
Pennsylvania,2000,24108.67904,0.224302745
Wisconsin,2000,22703.0692,0.255921086
Virginia,2000,17990.77682,0.278096069
North Dakota,2000,22454.5533,0.291854272
Delaware,2000,19194.59979,0.294398124
Colorado,2000,19497.12832,0.303408187
Maine,2000,22539.12058,0.313321413
Michigan,2000,25841.05087,0.333270843
Illinois,2000,22227.1491,0.37292225
Iowa,2000,22066.72211,0.400143441
Hawaii,2000,21652.17488,0.407535601
Nebraska,2000,20186.24318,0.412743636
Oregon,2000,19178.53556,0.421870395
California,2000,22938.33044,0.487832632
Montana,2000,20318.16228,0.549319807
Kansas,2000,21173.22136,0.55570001
Ohio,2000,20465.32095,0.580678056
South Dakota,2000,19911.37124,0.602231894
Florida,2000,20452.73773,0.632309448
Wyoming,2000,21270.56537,0.661926427
Missouri,2000,19139.10973,0.672773299
Alaska,2000,19928.90359,0.683840692
Utah,2000,19312.1686,0.688794078
Indiana,2000,21798.21449,0.703427138
Nevada,2000,20710.23991,0.717710682
North Carolina,2000,21554.30109,0.735519374
Idaho,2000,20317.54443,0.752103725
Georgia,2000,20902.55186,0.768829523
South Carolina,2000,21119.3396,0.79041911
Tennessee,2000,19933.50631,0.807686852
West Virginia,2000,26325.82367,0.821070889
Arizona,2000,35208.35552,0.833373492
Alabama,2000,21284.67692,0.850337404
Kentucky,2000,20277.30695,0.865455414
Oklahoma,2000,20234.31803,0.878783871
Louisiana,2000,21339.87895,0.892822236
New Mexico,2000,21068.49221,0.903947561
Texas,2000,19637.1648,0.943799117
Arkansas,2000,20453.97817,0.98518522
Mississippi,2000,18112.51834,0.994967968
Massachusetts,2001,20524.33924,0.011275031
Connecticut,2001,20185.33871,0.028587921
District of Columbia,2001,24986.31841,0.035658542
New Hampshire,2001,19127.04499,0.038896401
New Jersey,2001,20532.37372,0.056009205
Vermont,2001,19357.21827,0.072004953
New York,2001,19621.3824,0.106706991
Maryland,2001,21437.47311,0.149727321
Minnesota,2001,19036.09935,0.167862284
Rhode Island,2001,20365.42165,0.178453018
Washington,2001,18374.0426,0.190848229
Pennsylvania,2001,25377.70405,0.223272441
Wisconsin,2001,20939.50945,0.254698884
Virginia,2001,17141.46994,0.276863335
North Dakota,2001,21215.61312,0.290632998
Delaware,2001,19404.89824,0.293173558
Illinois,2001,21553.32885,0.316475237
Maine,2001,21136.72256,0.340657566
Colorado,2001,22199.52516,0.350640266
Michigan,2001,26312.37295,0.375864135
Hawaii,2001,21166.10103,0.39555593
Iowa,2001,20518.17658,0.40291813
Oregon,2001,23529.1118,0.414232713
Nebraska,2001,18929.3742,0.423382134
California,2001,22253.30918,0.486247915
Montana,2001,21650.679,0.547701734
Kansas,2001,22173.71143,0.55406254
Ohio,2001,17971.51156,0.578864953
Florida,2001,19986.03854,0.62785878
South Dakota,2001,23191.14898,0.65813393
Wyoming,2001,19376.43734,0.660355517
Missouri,2001,18721.66881,0.67117477
Alaska,2001,19400.95858,0.682212995
Indiana,2001,17353.35143,0.694068066
Utah,2001,21140.88528,0.708722438
Nevada,2001,20590.58958,0.716235067
North Carolina,2001,20866.03386,0.734260476
Idaho,2001,22549.49154,0.75098264
Georgia,2001,19867.05158,0.767870141
South Carolina,2001,22463.86528,0.789616069
Tennessee,2001,22283.22636,0.806937318
Alabama,2001,19513.28917,0.824996368
West Virginia,2001,23596.39357,0.836131274
Kentucky,2001,22280.88425,0.846546095
Arizona,2001,31078.9015,0.862932481
Oklahoma,2001,22266.83703,0.87825211
Louisiana,2001,19108.92504,0.892222369
Texas,2001,20788.18234,0.937036933
New Mexico,2001,19035.19718,0.97723044
Arkansas,2001,19556.66853,0.985216776
Mississippi,2001,18835.38924,0.99498543
Massachusetts,2002,18962.28331,0.011201356
Connecticut,2002,20312.00857,0.028408084
District of Columbia,2002,20269.04243,0.035435715
New Hampshire,2002,20117.0745,0.038658242
New Jersey,2002,22611.93624,0.055700012
Vermont,2002,21629.32812,0.071623654
Maryland,2002,21372.75177,0.082099537
New York,2002,21843.52327,0.12486262
Minnesota,2002,19803.63228,0.166946197
Rhode Island,2002,21054.04697,0.177505401
Washington,2002,22581.50082,0.189936827
Pennsylvania,2002,21176.27574,0.222262266
Wisconsin,2002,22478.68498,0.253504184
Virginia,2002,18978.07478,0.275663202
Illinois,2002,19523.88362,0.310113752
Colorado,2002,22286.66691,0.33968432
Delaware,2002,19995.13308,0.34886653
North Dakota,2002,22018.92236,0.351404939
Maine,2002,22117.56441,0.354803059
Michigan,2002,27369.53867,0.374450894
Hawaii,2002,20076.14188,0.394004484
Oregon,2002,19023.12498,0.402325876
Iowa,2002,22945.25269,0.413638834
Nebraska,2002,20286.22852,0.421817408
California,2002,20973.941,0.484654543
Ohio,2002,20430.03761,0.564378579
Montana,2002,19753.56662,0.585896583
Kansas,2002,20471.64918,0.592237172
Florida,2002,21213.95793,0.626107144
South Dakota,2002,19057.96385,0.656586096
Wyoming,2002,20057.26299,0.65880575
Alaska,2002,18764.78322,0.66079546
Missouri,2002,21677.70429,0.67180651
Indiana,2002,20463.91134,0.692437287
Utah,2002,21519.09716,0.707112118
Nevada,2002,20603.64696,0.714776371
North Carolina,2002,20860.13747,0.733015394
South Carolina,2002,21041.28743,0.75473631
Georgia,2002,19921.64879,0.776637997
Idaho,2002,19859.64956,0.793680118
Alabama,2002,22508.62216,0.803905246
Tennessee,2002,21165.0515,0.82197497
Kentucky,2002,20170.51806,0.839322704
West Virginia,2002,26412.42878,0.849696633
Arizona,2002,34166.75801,0.862254147
Oklahoma,2002,21024.01055,0.877712109
Louisiana,2002,19425.72657,0.891614854
Texas,2002,20240.03627,0.936708953
New Mexico,2002,17903.14122,0.977253203
Arkansas,2002,20760.46832,0.985255495
Mississippi,2002,20415.45472,0.995005775
Massachusetts,2003,25016.60331,0.011130954
Connecticut,2003,19043.15763,0.028238788
District of Columbia,2003,20605.26359,0.035229808
New Hampshire,2003,19105.77018,0.038439515
New Jersey,2003,19588.66024,0.055409627
Vermont,2003,21445.00886,0.071260096
Maryland,2003,19084.62763,0.081720094
New York,2003,20134.16909,0.124234365
Minnesota,2003,18342.64196,0.166062427
Rhode Island,2003,22233.57857,0.176588289
Washington,2003,20840.40196,0.189051678
Pennsylvania,2003,20338.67014,0.221283514
Virginia,2003,21194.49465,0.255567043
Wisconsin,2003,19401.8443,0.277723668
Illinois,2003,21477.6088,0.308872978
Colorado,2003,20876.56753,0.338392719
Maine,2003,22349.06636,0.348484805
Delaware,2003,20330.9915,0.352149494
Michigan,2003,26962.61716,0.370797318
North Dakota,2003,20347.43061,0.389157386
Hawaii,2003,23275.51541,0.392456697
Oregon,2003,18886.77766,0.400802691
Iowa,2003,22269.20019,0.412107823
Nebraska,2003,21679.43027,0.420244895
California,2003,21969.46759,0.483064277
Kansas,2003,18051.86942,0.547585588
Montana,2003,19887.42233,0.553906402
Ohio,2003,23149.22327,0.575272537
Florida,2003,19335.52476,0.624377042
Wyoming,2003,18669.25731,0.654619031
Alaska,2003,19367.20771,0.656613233
South Dakota,2003,17244.35411,0.659048861
Missouri,2003,20721.72728,0.670258061
Utah,2003,20522.15027,0.684137123
Indiana,2003,20688.66072,0.698831763
Nevada,2003,22814.93517,0.713335028
North Carolina,2003,19790.85771,0.731782874
South Carolina,2003,22394.44637,0.753650849
Georgia,2003,22282.30724,0.775707842
Idaho,2003,19396.88398,0.792897603
Alabama,2003,17169.64368,0.803135141
Tennessee,2003,22175.33532,0.821213046
Kentucky,2003,18242.1996,0.838567161
Arizona,2003,34963.75026,0.855210171
Louisiana,2003,18990.31285,0.872438187
Oklahoma,2003,20688.6339,0.8862737
West Virginia,2003,25457.75996,0.895553656
Texas,2003,19401.77114,0.936380372
New Mexico,2003,18615.08857,0.977283811
Arkansas,2003,19153.63297,0.985299369
Mississippi,2003,20536.9914,0.995027998
Massachusetts,2004,20284.54105,0.011063648
Connecticut,2004,20087.37702,0.028079446
District of Columbia,2004,22711.98705,0.035039751
New Hampshire,2004,21363.15597,0.038238522
New Jersey,2004,21288.15213,0.055135392
Vermont,2004,21955.46929,0.070911114
Maryland,2004,19779.4312,0.081357765
New York,2004,20914.65202,0.123625667
Minnesota,2004,22596.19442,0.165196395
Rhode Island,2004,17971.25342,0.175687997
Washington,2004,22370.69784,0.18818025
Virginia,2004,19009.62007,0.211583275
Pennsylvania,2004,22568.77705,0.245766855
Wisconsin,2004,22417.32029,0.276663942
Illinois,2004,20052.58068,0.307659256
Colorado,2004,21998.80798,0.337114145
Michigan,2004,27812.67957,0.362093255
Maine,2004,21683.2527,0.381416507
Delaware,2004,19808.05802,0.385074985
Hawaii,2004,18808.43269,0.388671918
Oregon,2004,22896.42253,0.39703831
North Dakota,2004,20104.94858,0.404344455
Iowa,2004,20997.78115,0.410566132
Nebraska,2004,20474.07819,0.418661992
California,2004,19668.74296,0.481475724
Montana,2004,20281.42542,0.542912349
Kansas,2004,21326.98906,0.549214222
Ohio,2004,19106.03966,0.573502386
Florida,2004,20030.40535,0.622665453
Wyoming,2004,18878.36641,0.653118151
Alaska,2004,21538.34854,0.655117684
South Dakota,2004,20291.54897,0.657551816
Missouri,2004,21111.88045,0.668730363
Utah,2004,20521.23385,0.682630577
Indiana,2004,20766.88364,0.69734446
Nevada,2004,21057.742,0.711908195
North Carolina,2004,19842.8186,0.730560059
Georgia,2004,19941.28992,0.760262003
South Carolina,2004,22546.5032,0.782473703
Idaho,2004,21154.63442,0.792123094
Alabama,2004,20130.26751,0.802370508
Kentucky,2004,19888.58307,0.817371741
Tennessee,2004,21246.50573,0.834730144
Arizona,2004,33867.79857,0.854571686
Oklahoma,2004,19421.58324,0.870283484
Louisiana,2004,19983.39676,0.884051419
West Virginia,2004,24426.36112,0.894888436
Texas,2004,20672.65553,0.936049042
New Mexico,2004,20192.00046,0.977321013
Arkansas,2004,25168.10739,0.985347325
Mississippi,2004,19279.7984,0.995051517
Massachusetts,2005,20595.91517,0.010999862
Connecticut,2005,19144.06043,0.027929756
District of Columbia,2005,19695.09258,0.034863448
New Hampshire,2005,21190.43344,0.038052242
New Jersey,2005,19075.02941,0.054875083
Vermont,2005,20210.67719,0.070575661
Maryland,2005,18260.6095,0.08101152
New York,2005,22183.9385,0.123039665
Rhode Island,2005,20819.09132,0.157490447
Minnesota,2005,17165.4747,0.167946904
Washington,2005,21189.21715,0.187329515
Virginia,2005,19304.2566,0.210812136
Pennsylvania,2005,24550.27329,0.244903855
Wisconsin,2005,21056.36628,0.275635879
Illinois,2005,22199.44186,0.306472302
Colorado,2005,20408.74696,0.335851861
Maine,2005,21251.76314,0.346023844
Michigan,2005,26309.98874,0.36517679
Delaware,2005,23024.28134,0.383527319
Hawaii,2005,18721.10398,0.387134638
Oregon,2005,22228.12842,0.395517883
North Dakota,2005,21489.59263,0.402830335
Iowa,2005,22014.89705,0.40901624
Nebraska,2005,18012.17078,0.417072061
California,2005,19829.10324,0.479898403
Montana,2005,23054.57992,0.541357317
Ohio,2005,19395.65341,0.562424466
Florida,2005,18669.60191,0.611648875
Kansas,2005,19720.72615,0.646088798
Wyoming,2005,17238.71987,0.651651298
Alaska,2005,20640.35393,0.653657272
South Dakota,2005,20170.02103,0.656091036
Missouri,2005,20473.53538,0.667239461
Utah,2005,22737.0071,0.681160605
Indiana,2005,19769.57501,0.69589307
Nevada,2005,22433.86315,0.710510931
North Carolina,2005,22210.68297,0.729360935
South Carolina,2005,19499.57218,0.751535081
Georgia,2005,17159.2832,0.773901166
Idaho,2005,22220.86511,0.791370433
Alabama,2005,18239.58263,0.801625542
Kentucky,2005,21990.633,0.81659754
Arizona,2005,32086.52744,0.833466903
Louisiana,2005,20492.52646,0.850826829
Tennessee,2005,18869.15447,0.868676835
Oklahoma,2005,19203.09221,0.884994845
West Virginia,2005,25218.13441,0.894214566
Texas,2005,19132.12504,0.935719057
New Mexico,2005,20331.81538,0.97736713
Arkansas,2005,20424.60062,0.985401212
Mississippi,2005,20332.00593,0.995077119
Massachusetts,2006,22683.74871,0.010939382
Connecticut,2006,21455.25323,0.027788798
District of Columbia,2006,21383.21936,0.034699009
New Hampshire,2006,21737.23841,0.037878621
New Jersey,2006,19823.09415,0.054627225
Vermont,2006,20962.41666,0.070252447
Maryland,2006,22493.22022,0.080679128
New York,2006,17975.7421,0.122478576
Rhode Island,2006,22343.68607,0.156687728
Minnesota,2006,19007.39262,0.167109792
Virginia,2006,19426.7663,0.188553152
Washington,2006,22283.91271,0.2121136
Pennsylvania,2006,23129.49721,0.244080666
Wisconsin,2006,22188.76803,0.274654786
Illinois,2006,21959.89863,0.30533007
Colorado,2006,21447.83378,0.334626564
Maine,2006,20213.40225,0.344830283
Delaware,2006,18631.86212,0.348478702
Michigan,2006,28771.72826,0.366673403
Oregon,2006,20180.70036,0.389646252
Hawaii,2006,20892.41834,0.398043132
North Dakota,2006,20305.6941,0.401335426
California,2006,19662.05119,0.462322746
Nebraska,2006,20448.11962,0.525175612
Iowa,2006,21185.82455,0.533191888
Montana,2006,19029.30636,0.539849518
Florida,2006,20033.75642,0.57144225
Ohio,2006,19010.76024,0.620730021
Wyoming,2006,21666.93418,0.640933545
Kansas,2006,20572.05119,0.646480894
Alaska,2006,21106.31497,0.652248373
Missouri,2006,20202.07211,0.663165244
South Dakota,2006,20563.19591,0.674283256
Nevada,2006,21059.74294,0.679657885
Utah,2006,19931.30629,0.687855834
Indiana,2006,19971.66236,0.702605352
North Carolina,2006,22435.45042,0.728198636
Georgia,2006,21153.70896,0.758356994
Idaho,2006,20159.01433,0.775958485
South Carolina,2006,20018.76038,0.785728775
Alabama,2006,21292.70085,0.800904081
Arizona,2006,33853.118,0.818599443
Louisiana,2006,19331.46825,0.836013647
Kentucky,2006,20150.7093,0.850672744
Tennessee,2006,17791.75426,0.868028796
Oklahoma,2006,20513.40109,0.884351752
West Virginia,2006,26837.64331,0.893542144
Texas,2006,25196.6214,0.935395034
New Mexico,2006,19106.32764,0.9774223
Arkansas,2006,20747.55499,0.985461079
Mississippi,2006,19410.91153,0.995104749
Massachusetts,2007,19660.65445,0.010880852
Connecticut,2007,21314.64115,0.027654037
New Hampshire,2007,19031.04329,0.035720557
District of Columbia,2007,20172.25517,0.038892362
New Jersey,2007,18307.09988,0.054392039
Vermont,2007,22196.8748,0.06994327
Maryland,2007,20794.53478,0.08036093
New York,2007,17144.31454,0.121940988
Rhode Island,2007,21158.88043,0.155918355
Minnesota,2007,19332.99636,0.166307395
Virginia,2007,21418.37581,0.187773795
Washington,2007,20943.09209,0.211408838
Pennsylvania,2007,25268.62595,0.243292736
Illinois,2007,20546.24368,0.285567038
Wisconsin,2007,21210.83827,0.316080028
Colorado,2007,20352.36533,0.333434763
Maine,2007,23448.75781,0.343665146
Delaware,2007,18652.0776,0.34730986
Michigan,2007,28100.73707,0.365345398
Oregon,2007,21598.39604,0.388157334
Hawaii,2007,21926.14631,0.39656457
North Dakota,2007,17907.15138,0.399857251
California,2007,19834.89232,0.460891309
Iowa,2007,23186.67015,0.525841714
Nebraska,2007,19492.14788,0.533819196
Florida,2007,18724.80076,0.566973107
Montana,2007,19590.16896,0.598776652
Wyoming,2007,17276.94856,0.601286123
Ohio,2007,20918.97174,0.621348017
Kansas,2007,20466.62044,0.645144088
South Dakota,2007,20552.92933,0.651091241
Alaska,2007,22493.82457,0.653526195
Missouri,2007,19579.82738,0.664421421
Nevada,2007,22466.27799,0.67832706
Utah,2007,22313.56805,0.686645165
Indiana,2007,19510.05058,0.701410077
North Carolina,2007,17142.1252,0.727083096
Georgia,2007,22199.70239,0.757457523
Idaho,2007,18279.33237,0.775184403
South Carolina,2007,22163.12284,0.785011981
Alabama,2007,19190.62883,0.800207037
Arizona,2007,33582.74467,0.817996987
Louisiana,2007,18781.1326,0.835464021
Tennessee,2007,19285.73381,0.853215399
Kentucky,2007,18691.9858,0.870564066
Oklahoma,2007,19055.63321,0.883720059
Texas,2007,20484.46465,0.92889192
West Virginia,2007,26989.24095,0.97109166
New Mexico,2007,20205.03923,0.9774848
Arkansas,2007,22870.70291,0.985525151
Mississippi,2007,21754.05506,0.995133508
Massachusetts,2008,21368.13245,0.010824394
Connecticut,2008,21869.16043,0.027524581
New Hampshire,2008,19824.15454,0.03556909
District of Columbia,2008,20923.46597,0.038733501
New Jersey,2008,22519.19228,0.054165994
Vermont,2008,17974.00701,0.069645145
Maryland,2008,22391.34942,0.080054236
New York,2008,18979.2449,0.121422009
Rhode Island,2008,19385.56592,0.155174708
Minnesota,2008,22361.53409,0.165531632
Virginia,2008,20010.10666,0.187021063
Washington,2008,22126.77925,0.210727198
Pennsylvania,2008,24985.77023,0.24252877
Illinois,2008,21623.24677,0.284562019
Wisconsin,2008,20183.16114,0.314911471
Colorado,2008,18852.60054,0.33226323
Delaware,2008,22820.47518,0.341764066
Maine,2008,20292.13252,0.345405605
Michigan,2008,26821.27223,0.364031656
Oregon,2008,20421.23552,0.386678273
Hawaii,2008,19676.4101,0.395094281
California,2008,20269.57551,0.457298935
North Dakota,2008,21257.29877,0.518400503
Nebraska,2008,19247.95391,0.522447645
Iowa,2008,20237.10306,0.530386807
Florida,2008,19012.62753,0.565779796
Wyoming,2008,21739.37894,0.597086749
Montana,2008,20525.5901,0.599597088
Ohio,2008,21374.16908,0.620225068
Kansas,2008,20493.18616,0.643860673
Nevada,2008,20959.76225,0.652679409
Missouri,2008,20781.63042,0.66663023
Alaska,2008,19772.75597,0.677504356
South Dakota,2008,19860.91688,0.679941365
Utah,2008,22544.80775,0.685485724
Indiana,2008,21270.64972,0.700265478
North Carolina,2008,20141.98851,0.726013875
Georgia,2008,19943.1942,0.756596062
Idaho,2008,21318.59441,0.774442554
Arizona,2008,33739.50275,0.786994333
South Carolina,2008,19680.93234,0.804496147
Alabama,2008,20291.92008,0.819707652
Louisiana,2008,17758.85166,0.834934981
Tennessee,2008,20582.3782,0.852635647
Kentucky,2008,20412.06375,0.869974446
Oklahoma,2008,25239.77562,0.883102431
Texas,2008,19264.47881,0.928630998
New Mexico,2008,20738.38208,0.971407048
West Virginia,2008,25869.56406,0.977785977
Arkansas,2008,19892.62531,0.985592843
Mississippi,2008,21655.65574,0.995163098
Massachusetts,2009,19167.33065,0.01076846
Connecticut,2009,20165.21593,0.027396493
New Hampshire,2009,18373.84881,0.035419018
New Jersey,2009,22091.76725,0.051954846
District of Columbia,2009,20846.9911,0.067322496
Maryland,2009,17224.15933,0.077682124
Vermont,2009,21179.45489,0.088082462
New York,2009,19272.51668,0.120916769
Rhode Island,2009,21397.19518,0.154453466
Minnesota,2009,21027.85231,0.164778706
Virginia,2009,22163.07163,0.186290468
Washington,2009,20594.39082,0.210065067
Pennsylvania,2009,24119.00273,0.241784302
Illinois,2009,20556.13636,0.28357936
Wisconsin,2009,23440.84229,0.313767997
Colorado,2009,18811.07531,0.331114341
Delaware,2009,22284.21274,0.340649281
Maine,2009,21678.22567,0.344287917
Oregon,2009,22118.92738,0.352693266
Michigan,2009,23691.77306,0.37517413
California,2009,19867.44746,0.451521421
Hawaii,2009,23071.20021,0.513811148
Iowa,2009,19599.66273,0.520976325
North Dakota,2009,18870.71598,0.527027889
Nebraska,2009,19799.25809,0.53106239
Florida,2009,17434.16148,0.564622541
Wyoming,2009,20888.0411,0.596144352
Ohio,2009,20461.1721,0.615926073
Montana,2009,20818.34933,0.636409926
Kansas,2009,22731.37979,0.642616989
Nevada,2009,19982.51836,0.651489073
Missouri,2009,22224.56275,0.66548321
South Dakota,2009,22240.23636,0.676514778
Alaska,2009,19439.07871,0.678954652
Utah,2009,17252.10025,0.684365079
North Carolina,2009,22226.57253,0.703950208
Indiana,2009,18413.62413,0.729769886
Georgia,2009,22073.73503,0.755761325
Arizona,2009,31861.25986,0.781432494
Idaho,2009,20730.68916,0.794110157
South Carolina,2009,19136.03781,0.804044619
Alabama,2009,19528.50445,0.819270096
Tennessee,2009,18630.44834,0.837321437
Louisiana,2009,19021.30506,0.85497119
Texas,2009,20530.93061,0.902177605
Oklahoma,2009,20618.21106,0.948060223
Kentucky,2009,20484.51869,0.961159417
New Mexico,2009,22873.76787,0.971520718
West Virginia,2009,28168.12592,0.97788487
Arkansas,2009,21645.13609,0.9856613
Mississippi,2009,22251.15959,0.995192581
Massachusetts,2010,19945.35468,0.010711506
Connecticut,2010,20958.45928,0.027265652
New Hampshire,2010,22633.08429,0.035265048
New Jersey,2010,17900.7546,0.051729944
District of Columbia,2010,22385.63235,0.067032492
Maryland,2010,19117.34246,0.077389538
Vermont,2010,19400.92819,0.087780561
New York,2010,22279.08574,0.1204101
Minnesota,2010,20165.9693,0.160580793
Rhode Island,2010,22059.76105,0.170874433
Virginia,2010,21927.89228,0.185561695
Washington,2010,21675.57644,0.209402942
Illinois,2010,20248.64094,0.241082188
Pennsylvania,2010,21874.63038,0.282642901
Colorado,2010,22903.38561,0.311511358
Wisconsin,2010,20327.9034,0.328848988
Delaware,2010,21114.01014,0.339534849
Maine,2010,20468.18839,0.343170128
California,2010,19734.44586,0.405516679
Oregon,2010,20464.94342,0.471902246
Hawaii,2010,21189.23448,0.48033129
Michigan,2010,24812.91871,0.49864057
Iowa,2010,20380.74969,0.519671265
Florida,2010,19107.98272,0.555433126
North Dakota,2010,21953.79932,0.587349875
Nebraska,2010,20706.93465,0.59137279
Wyoming,2010,21354.82002,0.595214589
Montana,2010,20589.32342,0.597726056
Ohio,2010,20874.39362,0.618069337
Nevada,2010,21159.93704,0.641147321
Kansas,2010,19952.01779,0.650072342
Missouri,2010,19918.54277,0.664356764
Utah,2010,22579.13326,0.678381407
South Dakota,2010,21216.46661,0.684014788
Alaska,2010,20210.89401,0.686458138
North Carolina,2010,19985.4048,0.703000864
Georgia,2010,21356.65668,0.733978391
Indiana,2010,21117.14489,0.760030656
Arizona,2010,32130.76153,0.780810961
Idaho,2010,20227.86749,0.793610931
South Carolina,2010,18103.02954,0.803594873
Alabama,2010,20852.0073,0.818831968
Tennessee,2010,20286.75689,0.836868477
Louisiana,2010,25136.1784,0.854468445
Texas,2010,19312.02473,0.901978875
Oklahoma,2010,21001.65836,0.948213893
New Mexico,2010,19409.24434,0.957573809
Kentucky,2010,20097.91026,0.967919899
West Virginia,2010,27996.19556,0.977980248
Arkansas,2010,19472.18745,0.985727102
Mississippi,2010,20563.99043,0.995220999
Massachusetts,2011,18532.17051,0.01065371
Connecticut,2011,22314.63676,0.027131916
New Hampshire,2011,20981.32542,0.035106369
New Jersey,2011,17145.59614,0.051498039
Maryland,2011,21405.99975,0.075100785
District of Columbia,2011,19337.23005,0.085455336
Vermont,2011,21479.14046,0.087469663
New York,2011,21009.21536,0.119897658
Minnesota,2011,22401.27371,0.159857007
Rhode Island,2011,20562.10021,0.170119373
Virginia,2011,21177.45567,0.184829093
Washington,2011,20651.71693,0.208734851
Colorado,2011,23424.65359,0.227773389
Illinois,2011,19089.59986,0.256586294
Pennsylvania,2011,25108.19416,0.297916167
Delaware,2011,21777.13604,0.320028049
Wisconsin,2011,22221.91538,0.330685369
California,2011,18007.03692,0.400127768
Maine,2011,20089.2893,0.462544126
Oregon,2011,23329.98195,0.470928482
Hawaii,2011,19438.79573,0.479362146
Michigan,2011,24467.4583,0.497515131
Iowa,2011,19942.84331,0.518358625
Florida,2011,17543.37266,0.554304364
Nebraska,2011,21203.62712,0.588268872
Wyoming,2011,20504.93041,0.592105813
North Dakota,2011,20922.2765,0.594100219
Ohio,2011,22859.32946,0.613788046
Montana,2011,20024.67085,0.633993546
Kansas,2011,22470.86668,0.640168774
Nevada,2011,22447.59322,0.649147566
Utah,2011,19629.35808,0.657926327
Missouri,2011,17259.55726,0.671974722
Alaska,2011,22354.89396,0.682791707
South Dakota,2011,18431.42999,0.685239062
North Carolina,2011,22181.68412,0.702051381
Georgia,2011,19300.13749,0.733221865
Arizona,2011,32999.4765,0.75928783
Indiana,2011,19207.95928,0.780138708
South Carolina,2011,19660.67691,0.798101615
Idaho,2011,18775.80439,0.808133122
Alabama,2011,19384.40604,0.818384984
Tennessee,2011,20541.94456,0.836407274
Texas,2011,20622.11373,0.887244477
Louisiana,2011,20355.76587,0.935060154
New Mexico,2011,22985.95958,0.945650216
Oklahoma,2011,21949.99663,0.955009143
Kentucky,2011,21866.35579,0.968052635
Arkansas,2011,22287.34662,0.979767079
West Virginia,2011,26487.27078,0.987484703
Mississippi,2011,21400.16157,0.995247991
Massachusetts,2012,22913.45601,0.010596291
Connecticut,2012,18297.25371,0.026997893
New Hampshire,2012,22679.35687,0.034945991
New Jersey,2012,19104.11134,0.051265479
Maryland,2012,19747.05471,0.074801469
District of Columbia,2012,22453.39165,0.085153305
New York,2012,20315.24179,0.117366697
Vermont,2012,22284.77258,0.149600734
Minnesota,2012,22275.57857,0.159149498
Rhode Island,2012,21764.73686,0.169381226
Virginia,2012,20307.09349,0.184110832
Washington,2012,19254.72769,0.208078946
Illinois,2012,23288.37209,0.239576843
Colorado,2012,20458.52666,0.268293746
Pennsylvania,2012,23657.8726,0.296987461
Delaware,2012,20680.02764,0.318995229
Wisconsin,2012,20070.44574,0.329624914
California,2012,20611.34594,0.399107785
Maine,2012,21528.76021,0.461587728
Oregon,2012,19432.54362,0.469960207
Hawaii,2012,20322.40011,0.478397945
Michigan,2012,24715.2067,0.496400328
Iowa,2012,22193.62034,0.517063382
Nebraska,2012,20936.94154,0.524868592
Florida,2012,21622.81713,0.559030634
Wyoming,2012,20708.96411,0.591184862
North Dakota,2012,21081.89495,0.593178765
Kansas,2012,21229.48657,0.598821301
Montana,2012,20289.77225,0.604982907
Ohio,2012,20334.66625,0.625054083
Utah,2012,22836.9872,0.647944247
Nevada,2012,21250.31262,0.656835819
Missouri,2012,20424.26039,0.670961228
Alaska,2012,20208.54888,0.681761747
South Dakota,2012,21647.19242,0.68421402
North Carolina,2012,21202.96967,0.701122323
Georgia,2012,19873.61074,0.732479939
Arizona,2012,31888.99699,0.758735977
Indiana,2012,18268.94618,0.779654584
South Carolina,2012,21061.84695,0.797615893
Idaho,2012,20570.57081,0.807694047
Alabama,2012,25559.75621,0.817942938
Texas,2012,19510.3456,0.866555063
Tennessee,2012,21024.18219,0.917744117
New Mexico,2012,19591.0609,0.931365028
Oklahoma,2012,20225.02498,0.940723506
Louisiana,2012,21787.94373,0.953972395
Kentucky,2012,19764.44892,0.968179763
Arkansas,2012,20683.81005,0.979865922
West Virginia,2012,24894.08278,0.987554739
Mississippi,2012,22768.73937,0.995272707
Massachusetts,2013,21350.44431,0.010540946
Connecticut,2013,17679.56973,0.026867457
New Hampshire,2013,21684.53817,0.034788584
New Jersey,2013,19552.1301,0.051039206
Maryland,2013,21883.69719,0.07451226
Vermont,2013,21337.37962,0.084875994
New York,2013,22706.03054,0.116928953
District of Columbia,2013,20774.6201,0.148968305
Minnesota,2013,21595.39105,0.158480244
Rhode Island,2013,20849.25264,0.16868224
Virginia,2013,23746.42989,0.183430513
Washington,2013,19341.10528,0.207460349
Illinois,2013,22796.98349,0.2388744
Colorado,2013,22052.25511,0.267498247
Pennsylvania,2013,24447.50845,0.296108058
Wisconsin,2013,18398.09478,0.325674895
Delaware,2013,20346.67447,0.336277945
California,2013,23601.83734,0.398143663
Maine,2013,19891.88836,0.460686189
Oregon,2013,19254.41939,0.469046338
Hawaii,2013,20000.08556,0.477488139
Iowa,2013,17861.45865,0.484581175
Nebraska,2013,21504.91968,0.492357158
Michigan,2013,26104.36245,0.510897949
Florida,2013,21133.75543,0.557964974
North Dakota,2013,23074.307,0.590483666
Wyoming,2013,20239.32867,0.592477315
Kansas,2013,22782.51741,0.597942928
Montana,2013,22867.57082,0.604092166
Ohio,2013,20049.25998,0.624033921
Utah,2013,17731.27736,0.646842526
Alaska,2013,22609.72212,0.652461204
Missouri,2013,18735.26912,0.663246045
Nevada,2013,21990.48722,0.677414638
South Dakota,2013,19701.98857,0.683256174
North Carolina,2013,21147.97899,0.700257241
Georgia,2013,19511.43794,0.731791777
Arizona,2013,30382.69888,0.75822561
Indiana,2013,19189.38941,0.779206618
South Carolina,2013,19668.78407,0.797164743
Idaho,2013,20926.37339,0.807286797
Alabama,2013,20964.53429,0.817531901
New Mexico,2013,20661.60096,0.828561546
Texas,2013,23286.85573,0.87312384
Tennessee,2013,22109.99227,0.924645784
Oklahoma,2013,22026.84165,0.940962807
Louisiana,2013,22566.41311,0.954160444
Kentucky,2013,20640.16217,0.96830311
Arkansas,2013,21584.6188,0.979961626
West Virginia,2013,29018.15722,0.987622611
Mississippi,2013,18689.38823,0.99529686
Massachusetts,2014,23036.60378,0.010486861
Connecticut,2014,19684.88389,0.026740219
New Hampshire,2014,20059.13331,0.034634915
New Jersey,2014,22684.93893,0.050820045
Maryland,2014,20613.66004,0.074234745
New York,2014,22797.11328,0.11448068
Vermont,2014,22508.26796,0.146367478
District of Columbia,2014,21940.55902,0.148358113
Minnesota,2014,20700.10867,0.15785522
Rhode Island,2014,19497.47789,0.168028939
Virginia,2014,23477.10787,0.182795296
Washington,2014,20834.73965,0.206886251
Colorado,2014,21639.47893,0.226071316
Illinois,2014,21048.76414,0.254605594
Pennsylvania,2014,21968.92183,0.295286735
Wisconsin,2014,20953.44218,0.324725938
Delaware,2014,21732.91983,0.335303379
California,2014,19732.71346,0.397248851
Oregon,2014,20752.68437,0.463925139
Maine,2014,19674.21228,0.472272423
Hawaii,2014,22327.23286,0.476649445
North Dakota,2014,20989.75226,0.479963145
Nebraska,2014,22076.61789,0.483947323
Iowa,2014,20981.58744,0.491695877
Michigan,2014,26495.02344,0.512017608
Florida,2014,21473.22793,0.559130671
Wyoming,2014,20500.58369,0.591680136
Kansas,2014,20570.47147,0.59713888
Montana,2014,23255.01945,0.603277169
Alaska,2014,21681.45802,0.606033466
Utah,2014,20877.86107,0.611702764
Ohio,2014,20727.81908,0.634432937
Missouri,2014,21936.91392,0.662263117
South Dakota,2014,21655.60304,0.673177606
Nevada,2014,19329.74152,0.679082064
North Carolina,2014,20768.83773,0.699466755
Georgia,2014,18629.16741,0.731166523
Arizona,2014,31065.10509,0.757766759
Indiana,2014,20932.28123,0.778805632
South Carolina,2014,25849.80311,0.796758346
Idaho,2014,19869.15933,0.806920717
Alabama,2014,21402.70323,0.817160699
New Mexico,2014,19842.05692,0.828174613
Texas,2014,20387.25937,0.87305503
Tennessee,2014,22135.10921,0.924890339
Oklahoma,2014,19913.54547,0.941199504
Louisiana,2014,21044.92153,0.954346799
Kentucky,2014,19248.58927,0.968426646
Arkansas,2014,22962.55113,0.980057421
West Virginia,2014,27185.89814,0.987690896
Mississippi,2014,17971.98921,0.995321516
Massachusetts,2015,21930.88471,0.010434045
Connecticut,2015,20060.79254,0.02661617
New Hampshire,2015,22136.76675,0.034484979
New Jersey,2015,21392.79986,0.050608961
Maryland,2015,22837.17296,0.073970272
Vermont,2015,21174.10418,0.084320196
New York,2015,21911.49733,0.116055676
Minnesota,2015,21133.59431,0.155291194
District of Columbia,2015,23817.06935,0.164774915
Rhode Island,2015,19512.87959,0.167422312
Virginia,2015,22929.85157,0.182206176
Colorado,2015,22321.47097,0.203543154
Washington,2015,22741.42019,0.222774242
Illinois,2015,18647.11193,0.254035774
Pennsylvania,2015,22021.67713,0.294521155
Wisconsin,2015,23799.45323,0.323839922
North Dakota,2015,19947.83616,0.333987017
California,2015,19471.66427,0.395606397
Delaware,2015,20207.9355,0.457632272
Oregon,2015,18086.63099,0.465317223
Hawaii,2015,21512.44684,0.473765223
Maine,2015,21151.53905,0.478138799
Nebraska,2015,21511.04746,0.483170703
Iowa,2015,23261.06885,0.490894065
Michigan,2015,25489.10965,0.511057109
Florida,2015,22934.87743,0.558215936
Wyoming,2015,22960.57076,0.590952412
Kansas,2015,20157.24596,0.596404373
Montana,2015,18020.26987,0.602531939
Alaska,2015,22800.96461,0.60529267
Utah,2015,19083.79125,0.611011428
Ohio,2015,22928.01176,0.633665522
South Dakota,2015,19952.52237,0.653070418
Missouri,2015,21444.65342,0.663962958
Georgia,2015,19818.17934,0.689537531
North Carolina,2015,20023.18448,0.72139086
Arizona,2015,28765.30768,0.748027963
Nevada,2015,18779.43618,0.763459545
Indiana,2015,21149.35187,0.778444479
South Carolina,2015,21191.1014,0.796389723
Idaho,2015,21037.21447,0.806588159
Texas,2015,23476.31493,0.851009759
Tennessee,2015,22373.61392,0.903144233
New Mexico,2015,22096.87912,0.916773191
Alabama,2015,22755.0218,0.927768888
Oklahoma,2015,20714.81848,0.941435044
Louisiana,2015,21902.8446,0.954534596
Kentucky,2015,23520.89698,0.968552868
Arkansas,2015,18826.85606,0.980153716
West Virginia,2015,28673.86017,0.987759418
Mississippi,2015,19856.50587,0.99534649
Massachusetts,2016,20099.29508,0.010383509
Connecticut,2016,22966.92482,0.026496956
New Hampshire,2016,20741.92177,0.034339826
New Jersey,2016,22658.46628,0.050403952
Maryland,2016,22603.8292,0.073711586
Vermont,2016,22262.73605,0.084053386
New York,2016,20695.11691,0.115646658
Minnesota,2016,19667.57319,0.154734961
Rhode Island,2016,23628.8906,0.164858393
District of Columbia,2016,20783.54634,0.167492586
Virginia,2016,21702.41732,0.181642167
Washington,2016,21169.15853,0.20585265
Colorado,2016,20453.62034,0.22512895
Illinois,2016,21037.64696,0.253494014
North Dakota,2016,21800.84518,0.274708593
Pennsylvania,2016,21145.48981,0.295937353
Wisconsin,2016,20766.64821,0.325137712
California,2016,19560.76999,0.39480212
Oregon,2016,22510.19802,0.461621142
Delaware,2016,21201.67183,0.469305811
Hawaii,2016,21940.97922,0.473041356
Nebraska,2016,21138.94283,0.478190333
Maine,2016,21533.6417,0.48320754
Iowa,2016,21537.80295,0.490129395
Michigan,2016,25605.7503,0.510141612
Wyoming,2016,20520.86908,0.526272785
Kansas,2016,23221.0803,0.531718844
Florida,2016,21868.01531,0.568236537
Montana,2016,20936.73403,0.601823508
Alaska,2016,20542.69527,0.604588597
Utah,2016,22090.25135,0.610356206
South Dakota,2016,21659.6293,0.616256746
Ohio,2016,20327.76443,0.635545427
Missouri,2016,20952.12539,0.663097142
North Carolina,2016,18575.77088,0.688608892
Georgia,2016,21492.25458,0.720605808
Arizona,2016,30296.18552,0.747507639
Nevada,2016,24852.53273,0.763077852
Indiana,2016,19886.02213,0.778092494
South Carolina,2016,21458.60528,0.796028325
Idaho,2016,20077.33032,0.806259369
Texas,2016,20442.8948,0.850993064
Tennessee,2016,22165.83084,0.903424103
New Mexico,2016,20017.38087,0.917050851
Oklahoma,2016,20997.26435,0.926395023
Alabama,2016,19365.72256,0.94003347
Louisiana,2016,23078.28777,0.954720565
Kentucky,2016,21745.89553,0.968679933
West Virginia,2016,23535.76824,0.978501976
Arkansas,2016,22062.64298,0.98607965
Mississippi,2016,20165.39424,0.995371185
Massachusetts,2017,22020.59809,0.010334757
Connecticut,2017,21473.88168,0.026381365
New Hampshire,2017,22871.34024,0.034197907
New Jersey,2017,21176.26165,0.050201916
Maryland,2017,21772.29724,0.073453508
Vermont,2017,21191.14947,0.083784665
New York,2017,23744.18172,0.115241408
Minnesota,2017,19645.09284,0.154189896
Rhode Island,2017,23018.02832,0.164291568
District of Columbia,2017,22251.04663,0.166912685
Virginia,2017,22724.40584,0.18108995
Washington,2017,18749.55802,0.205359125
Colorado,2017,20584.41209,0.2246793
North Dakota,2017,23730.1143,0.233990908
Illinois,2017,20001.81711,0.255110826
Pennsylvania,2017,20792.19617,0.295224005
Wisconsin,2017,20256.82523,0.324309172
California,2017,17764.11333,0.394022712
Oregon,2017,21612.25635,0.460913585
Delaware,2017,21206.53836,0.468597187
Nebraska,2017,21326.76045,0.472980098
Hawaii,2017,23248.27304,0.4781327
Iowa,2017,20378.71384,0.485176222
Maine,2017,23051.85215,0.492070889
Michigan,2017,28019.93374,0.509261557
Wyoming,2017,19887.1727,0.525267049
Kansas,2017,17913.80899,0.530708208
Florida,2017,22973.49566,0.567389576
Montana,2017,18969.25106,0.601145306
Alaska,2017,22649.65204,0.603914926
Utah,2017,19888.56832,0.609729897
South Dakota,2017,21337.971,0.615672179
Ohio,2017,19652.53246,0.634849033
Missouri,2017,20138.44334,0.662268821
Georgia,2017,19482.31718,0.687931086
North Carolina,2017,19793.25034,0.720061783
Arizona,2017,30413.8719,0.747000975
Indiana,2017,21087.19074,0.768188674
Nevada,2017,19986.44328,0.783231785
South Carolina,2017,23477.68612,0.795670728
Idaho,2017,22348.10419,0.805931786
Texas,2017,22126.51691,0.850975193
Tennessee,2017,22616.1633,0.903699969
Oklahoma,2017,20719.29425,0.919979704
New Mexico,2017,21921.42475,0.929317544
Alabama,2017,23647.80931,0.940270676
Louisiana,2017,18785.89687,0.954901807
Kentucky,2017,23233.89746,0.968805257
West Virginia,2017,25463.80572,0.97858693
Arkansas,2017,20290.38131,0.986136817
Mississippi,2017,23160.4964,0.995395252
Massachusetts,2018,20564.69599,0.010286919
Connecticut,2018,22565.2178,0.026267677
New Hampshire,2018,22571.72788,0.03405766
New Jersey,2018,22202.96601,0.050003401
Vermont,2018,20800.53131,0.064825481
Maryland,2018,19531.98118,0.075145746
Minnesota,2018,23680.96871,0.092955959
New York,2018,20610.11603,0.131772086
Rhode Island,2018,21728.02956,0.163745191
Virginia,2018,21062.242,0.178579173
District of Columbia,2018,20378.71769,0.192782647
Colorado,2018,21009.04911,0.202021591
Washington,2018,21922.61852,0.221382609
North Dakota,2018,19653.56234,0.233566788
Illinois,2018,20706.70855,0.254598066
Pennsylvania,2018,20983.78417,0.294536308
Wisconsin,2018,22410.61255,0.323508901
California,2018,20922.11229,0.39326683
Oregon,2018,22068.23044,0.460223337
Delaware,2018,21170.83792,0.467904663
Nebraska,2018,21387.08203,0.472287945
Maine,2018,21643.3282,0.477279011
Hawaii,2018,20461.46693,0.48164078
Iowa,2018,20555.55763,0.488674985
Michigan,2018,28207.71759,0.508406035
Wyoming,2018,21615.19132,0.524291391
Kansas,2018,20798.72244,0.52972773
Florida,2018,20686.17781,0.566570236
Montana,2018,21987.5995,0.600491543
South Dakota,2018,21568.69632,0.603387133
Utah,2018,20244.99331,0.609370316
Alaska,2018,20722.88093,0.61523148
Ohio,2018,18608.19192,0.634177636
Missouri,2018,21428.28645,0.661468648
North Carolina,2018,20975.53497,0.687081362
Georgia,2018,25982.01961,0.71933817
Arizona,2018,29144.34862,0.746504229
Indiana,2018,21366.82085,0.767735221
Nevada,2018,18993.90415,0.782806575
South Carolina,2018,20402.93471,0.795317252
Idaho,2018,22160.29464,0.805605237
Tennessee,2018,19871.66015,0.818492062
Texas,2018,20963.6294,0.871507633
New Mexico,2018,19385.94937,0.917585724
Oklahoma,2018,23015.13794,0.926915913
Louisiana,2018,21669.68127,0.939894122
Alabama,2018,18143.70953,0.954471656
Kentucky,2018,22025.50797,0.968927753
West Virginia,2018,25713.70933,0.978669349
Arkansas,2018,22312.07071,0.986191894
Mississippi,2018,21774.26055,0.995418636
Massachusetts,2019,22638.3301,0.01023974
Connecticut,2019,20933.05502,0.026155353
New Hampshire,2019,21652.14428,0.033918556
New Jersey,2019,21028.74314,0.049809014
Vermont,2019,23970.9883,0.064578318
Maryland,2019,19382.05497,0.074888902
Minnesota,2019,22961.80096,0.092688918
New York,2019,22092.06589,0.131379941
Rhode Island,2019,22655.287,0.163223355
Virginia,2019,18562.94978,0.178072438
Colorado,2019,20604.09772,0.199573355
District of Columbia,2019,23668.66619,0.208820918
Washington,2019,19868.7452,0.220947432
Illinois,2019,19341.47906,0.251961596
North Dakota,2019,20091.26782,0.272909896
Pennsylvania,2019,19283.68094,0.293877069
Wisconsin,2019,21471.17883,0.32273886
California,2019,21014.62424,0.3925446
Oregon,2019,21469.9414,0.45956757
Nebraska,2019,23324.59501,0.468643718
Delaware,2019,20305.7484,0.473027501
Maine,2019,22988.1843,0.476607236
Iowa,2019,22851.40647,0.483450421
Michigan,2019,25076.1154,0.503050421
Hawaii,2019,17817.05268,0.520163839
Wyoming,2019,22729.86529,0.523359148
Florida,2019,18954.93155,0.556779706
Montana,2019,22735.08185,0.590862315
Kansas,2019,19609.90947,0.596955762
South Dakota,2019,21393.92763,0.602766737
Utah,2019,19614.54832,0.608789596
Alaska,2019,19806.84736,0.614695484
Ohio,2019,19474.94737,0.633541211
Missouri,2019,19914.55492,0.660706481
North Carolina,2019,21119.92106,0.686363292
Georgia,2019,21263.52621,0.718737963
Indiana,2019,20824.00519,0.745173947
Arizona,2019,32742.80786,0.766446284
Nevada,2019,21189.39963,0.78239742
South Carolina,2019,22030.22142,0.794977036
Idaho,2019,22639.43897,0.805289842
Tennessee,2019,20647.98659,0.818177106
Texas,2019,21814.23829,0.871475644
Oklahoma,2019,23450.4371,0.920495588
New Mexico,2019,18910.93392,0.929816865
Louisiana,2019,23257.23,0.940106699
Alabama,2019,19835.19263,0.954633327
Kentucky,2019,20213.50707,0.969048512
West Virginia,2019,28579.68367,0.978749887
Arkansas,2019,20958.73385,0.9862451
Mississippi,2019,22911.25463,0.9954414
